cone_ID,population,generation,maternal_line,treatment,fertilizer,position,rack,root_mass,veg_mass,floral_mass,total_biomass
1,Dog_Knobs,ancestor,695,dry,2x,142,3,,,,0
2,Dog_Knobs,ancestor,695,dry,2x,51,2,,,,0
3,Dog_Knobs,ancestor,801,dry,2x,208,5,,,,0
4,Dog_Knobs,ancestor,801,dry,2x,218,5,0.0125,0.0332,,0.0457
5,Dog_Knobs,ancestor,915,dry,2x,220,5,,,,0
6,Dog_Knobs,ancestor,915,dry,2x,152,4,,,,0
7,Dog_Knobs,ancestor,916,dry,2x,58,2,,,,0
8,Dog_Knobs,ancestor,916,dry,2x,93,2,0.006,0.0328,,0.0388
9,Dog_Knobs,ancestor,917,dry,2x,75,2,,,,0
10,Dog_Knobs,ancestor,917,dry,2x,96,2,,,,0
11,Dog_Knobs,ancestor,1113,dry,2x,216,5,,,,0
12,Dog_Knobs,ancestor,1113,dry,2x,2,1,,,,0
13,Dog_Knobs,ancestor,1119,dry,2x,86,2,,,,0
14,Dog_Knobs,ancestor,1119,dry,2x,232,5,,,,0
15,Dog_Knobs,ancestor,1221,dry,2x,38,1,,,,0
16,Dog_Knobs,ancestor,1221,dry,2x,103,3,,,,0
17,Dog_Knobs,ancestor,1222,dry,2x,94,2,0.0058,0.0151,,0.0209
18,Dog_Knobs,ancestor,1222,dry,2x,10,1,,,,0
19,Dog_Knobs,ancestor,1226,dry,2x,209,5,,,,0
20,Dog_Knobs,ancestor,1226,dry,2x,160,4,,,,0
21,Dog_Knobs,ancestor,1328,dry,2x,40,1,,,,0
22,Dog_Knobs,ancestor,1328,dry,2x,167,4,,,,0
23,Dog_Knobs,ancestor,1401,dry,2x,226,5,,,,0
24,Dog_Knobs,ancestor,1416,dry,2x,30,1,,,,0
25,Dog_Knobs,descendant,76,dry,2x,1,1,,,,0
26,Dog_Knobs,descendant,77,dry,2x,204,5,0.0182,0.0314,,0.0496
27,Dog_Knobs,descendant,235,dry,2x,212,5,,,,0
28,Dog_Knobs,descendant,311,dry,2x,72,2,,,,0
29,Dog_Knobs,descendant,316,dry,2x,12,1,,,,0
30,Dog_Knobs,descendant,459,dry,2x,3,1,,,,0
31,Dog_Knobs,descendant,475,dry,2x,137,3,,,,0
32,Dog_Knobs,descendant,516,dry,2x,14,1,,,,0
33,Dog_Knobs,descendant,575,dry,2x,141,3,,,,0
34,Dog_Knobs,descendant,577,dry,2x,192,4,,,,0
35,Dog_Knobs,descendant,615,dry,2x,148,4,,,,0
36,Dog_Knobs,descendant,619,dry,2x,106,3,,,,0
37,Dog_Knobs,descendant,660,dry,2x,119,3,,,,0
38,Dog_Knobs,descendant,729,dry,2x,16,1,,,,0
39,Dog_Knobs,descendant,731,dry,2x,80,2,,,,0
40,Dog_Knobs,descendant,873,dry,2x,62,2,,,,0
41,Dog_Knobs,descendant,925,dry,2x,98,3,,,,0
42,Dog_Knobs,descendant,989,dry,2x,123,3,,,,0
43,Dog_Knobs,descendant,1029,dry,2x,60,2,,,,0
44,Dog_Knobs,descendant,1037,dry,2x,105,3,,,,0
45,Dog_Knobs,descendant,1224,dry,2x,32,1,,,,0
46,Dog_Knobs,descendant,1280,dry,2x,25,1,,,,0
47,Dog_Knobs,descendant,1357,dry,2x,36,1,,,,0
48,Dog_Knobs,descendant,1801,dry,2x,166,4,,,,0
49,Moenkopi_Wash,ancestor,143,dry,2x,210,5,,,,0
50,Moenkopi_Wash,ancestor,144,dry,2x,133,3,,,,0
51,Moenkopi_Wash,ancestor,282,dry,2x,145,4,,,,0
52,Moenkopi_Wash,ancestor,285,dry,2x,127,3,,,,0
53,Moenkopi_Wash,ancestor,288,dry,2x,190,4,,,,0
54,Moenkopi_Wash,ancestor,363,dry,2x,165,4,,,,0
55,Moenkopi_Wash,ancestor,409,dry,2x,234,5,,,,0
56,Moenkopi_Wash,ancestor,410,dry,2x,205,5,,,,0
57,Moenkopi_Wash,ancestor,416,dry,2x,13,1,,,,0
58,Moenkopi_Wash,ancestor,432,dry,2x,67,2,,,,0
59,Moenkopi_Wash,ancestor,471,dry,2x,177,4,,,,0
60,Moenkopi_Wash,ancestor,746,dry,2x,74,2,,,,0
61,Moenkopi_Wash,ancestor,763,dry,2x,56,2,,,,0
62,Moenkopi_Wash,ancestor,941,dry,2x,107,3,,,,0
63,Moenkopi_Wash,ancestor,957,dry,2x,121,3,,,,0
64,Moenkopi_Wash,ancestor,976,dry,2x,91,2,,,,0
65,Moenkopi_Wash,ancestor,982,dry,2x,116,3,0.036,0.0932,,0.1292
66,Moenkopi_Wash,ancestor,1041,dry,2x,34,1,,,,0
67,Moenkopi_Wash,ancestor,1117,dry,2x,172,4,,,,0
68,Moenkopi_Wash,ancestor,1215,dry,2x,163,4,,,,0
69,Moenkopi_Wash,ancestor,1254,dry,2x,109,3,,,,0
70,Moenkopi_Wash,ancestor,1558,dry,2x,55,2,,,,0
71,Moenkopi_Wash,ancestor,1653,dry,2x,23,1,,,,0
72,Moenkopi_Wash,ancestor,2214,dry,2x,95,2,,,,0
73,Moenkopi_Wash,descendant,57,dry,2x,154,4,0.0114,0.0289,,0.0403
74,Moenkopi_Wash,descendant,58,dry,2x,135,3,,,,0
75,Moenkopi_Wash,descendant,158,dry,2x,143,3,0.0077,0.0153,,0.023
76,Moenkopi_Wash,descendant,215,dry,2x,46,1,,,,0
77,Moenkopi_Wash,descendant,218,dry,2x,140,3,,,,0
78,Moenkopi_Wash,descendant,301,dry,2x,90,2,,,,0
79,Moenkopi_Wash,descendant,302,dry,2x,124,3,,,,0
80,Moenkopi_Wash,descendant,304,dry,2x,99,3,,,,0
81,Moenkopi_Wash,descendant,370,dry,2x,5,1,,,,0
82,Moenkopi_Wash,descendant,371,dry,2x,179,4,0.0059,0.018,,0.0239
83,Moenkopi_Wash,descendant,372,dry,2x,68,2,,,,0
84,Moenkopi_Wash,descendant,379,dry,2x,178,4,0.0452,0.0935,,0.1387
85,Moenkopi_Wash,descendant,422,dry,2x,11,1,,,,0
86,Moenkopi_Wash,descendant,452,dry,2x,49,2,,,,0
87,Moenkopi_Wash,descendant,453,dry,2x,183,4,,,,0
88,Moenkopi_Wash,descendant,760,dry,2x,181,4,,,,0
89,Moenkopi_Wash,descendant,761,dry,2x,15,1,,,,0
90,Moenkopi_Wash,descendant,978,dry,2x,7,1,,,,0
91,Moenkopi_Wash,descendant,979,dry,2x,42,1,,,,0
92,Moenkopi_Wash,descendant,1025,dry,2x,173,4,,,,0
93,Moenkopi_Wash,descendant,1662,dry,2x,171,4,,,,0
94,Moenkopi_Wash,descendant,2014,dry,2x,132,3,0.0302,0.0706,,0.1008
95,Moenkopi_Wash,descendant,2021,dry,2x,147,4,,,,0
96,Moenkopi_Wash,descendant,2120,dry,2x,174,4,,,,0
97,Soap_Creek_Atwood_29270,ancestor,2,dry,2x,196,5,,,,0
98,Soap_Creek_Atwood_29270,ancestor,134,dry,2x,57,2,,,,0
99,Soap_Creek_Atwood_29270,ancestor,135,dry,2x,228,5,,,,0
100,Soap_Creek_Atwood_29270,ancestor,136,dry,2x,206,5,,,,0
101,Soap_Creek_Atwood_29270,ancestor,460,dry,2x,211,5,0.0054,0.0138,,0.0192
102,Soap_Creek_Atwood_29270,ancestor,462,dry,2x,18,1,,,,0
103,Soap_Creek_Atwood_29270,ancestor,463,dry,2x,219,5,,,,0
104,Soap_Creek_Atwood_29270,ancestor,505,dry,2x,169,4,,,,0
105,Soap_Creek_Atwood_29270,ancestor,601,dry,2x,200,5,,,,0
106,Soap_Creek_Atwood_29270,ancestor,773,dry,2x,158,4,,,,0
107,Soap_Creek_Atwood_29270,ancestor,902,dry,2x,134,3,0.0222,0.0717,0.0353,0.1292
108,Soap_Creek_Atwood_29270,ancestor,946,dry,2x,120,3,,,,0
109,Soap_Creek_Atwood_29270,ancestor,948,dry,2x,170,4,,,,0
110,Soap_Creek_Atwood_29270,ancestor,949,dry,2x,111,3,,,,0
111,Soap_Creek_Atwood_29270,ancestor,951,dry,2x,138,3,,,,0
112,Soap_Creek_Atwood_29270,ancestor,1103,dry,2x,217,5,,,,0
113,Soap_Creek_Atwood_29270,ancestor,1106,dry,2x,50,2,,,,0
114,Soap_Creek_Atwood_29270,ancestor,1159,dry,2x,31,1,,,,0
115,Soap_Creek_Atwood_29270,ancestor,1160,dry,2x,161,4,0.0436,0.0684,,0.112
116,Soap_Creek_Atwood_29270,ancestor,1161,dry,2x,104,3,0.0342,0.047,,0.0812
117,Soap_Creek_Atwood_29270,ancestor,1163,dry,2x,233,5,,,,0
118,Soap_Creek_Atwood_29270,ancestor,1256,dry,2x,195,5,,,,0
119,Soap_Creek_Atwood_29270,ancestor,1436,dry,2x,48,1,,,,0
120,Soap_Creek_Atwood_29270,ancestor,1449,dry,2x,199,5,,,,0
121,Soap_Creek_Atwood_29270,descendant,12,dry,2x,28,1,,,,0
122,Soap_Creek_Atwood_29270,descendant,208,dry,2x,76,2,,,,0
123,Soap_Creek_Atwood_29270,descendant,209,dry,2x,92,2,0.0334,0.0785,,0.1119
124,Soap_Creek_Atwood_29270,descendant,490,dry,2x,100,3,,,,0
125,Soap_Creek_Atwood_29270,descendant,522,dry,2x,8,1,,,,0
126,Soap_Creek_Atwood_29270,descendant,547,dry,2x,78,2,,,,0
127,Soap_Creek_Atwood_29270,descendant,602,dry,2x,139,3,,,,0
128,Soap_Creek_Atwood_29270,descendant,781,dry,2x,20,1,,,,0
129,Soap_Creek_Atwood_29270,descendant,782,dry,2x,85,2,0.0716,0.0825,,0.1541
130,Soap_Creek_Atwood_29270,descendant,784,dry,2x,21,1,0.0521,0.062,,0.1141
131,Soap_Creek_Atwood_29270,descendant,829,dry,2x,47,1,,,,0
132,Soap_Creek_Atwood_29270,descendant,830,dry,2x,77,2,,,,0
133,Soap_Creek_Atwood_29270,descendant,831,dry,2x,156,4,,,,0
134,Soap_Creek_Atwood_29270,descendant,835,dry,2x,239,5,,,,0
135,Soap_Creek_Atwood_29270,descendant,905,dry,2x,71,2,0.0312,0.0537,,0.0849
136,Soap_Creek_Atwood_29270,descendant,906,dry,2x,44,1,,,,0
137,Soap_Creek_Atwood_29270,descendant,909,dry,2x,24,1,,,,0
138,Soap_Creek_Atwood_29270,descendant,910,dry,2x,63,2,,,,0
139,Soap_Creek_Atwood_29270,descendant,911,dry,2x,101,3,,,,0
140,Soap_Creek_Atwood_29270,descendant,1346,dry,2x,201,5,0.0945,0.1608,,0.2553
141,Soap_Creek_Atwood_29270,descendant,1354,dry,2x,213,5,,,,0
142,Soap_Creek_Atwood_29270,descendant,1555,dry,2x,180,4,,,,0
143,Soap_Creek_Atwood_29270,descendant,1615,dry,2x,84,2,,,,0
144,Soap_Creek_Atwood_29270,descendant,1948,dry,2x,37,1,,,,0
145,Soap_Creek_Fertig_26439,ancestor,544,dry,2x,108,3,,,,0
146,Soap_Creek_Fertig_26439,ancestor,544,dry,2x,112,3,,,,0
147,Soap_Creek_Fertig_26439,ancestor,680,dry,2x,9,1,,,,0
148,Soap_Creek_Fertig_26439,ancestor,680,dry,2x,194,5,,,,0
149,Soap_Creek_Fertig_26439,ancestor,709,dry,2x,223,5,,,,0
150,Soap_Creek_Fertig_26439,ancestor,709,dry,2x,185,4,,,,0
151,Soap_Creek_Fertig_26439,ancestor,1015,dry,2x,186,4,,,,0
152,Soap_Creek_Fertig_26439,ancestor,1015,dry,2x,188,4,,,,0
153,Soap_Creek_Fertig_26439,ancestor,1125,dry,2x,82,2,,,,0
154,Soap_Creek_Fertig_26439,ancestor,1125,dry,2x,187,4,,,,0
155,Soap_Creek_Fertig_26439,ancestor,1127,dry,2x,230,5,,,,0
156,Soap_Creek_Fertig_26439,ancestor,1127,dry,2x,128,3,,,,0
157,Soap_Creek_Fertig_26439,ancestor,1164,dry,2x,238,5,,,,0
158,Soap_Creek_Fertig_26439,ancestor,1164,dry,2x,88,2,,,,0
159,Soap_Creek_Fertig_26439,ancestor,1165,dry,2x,61,2,,,,0
160,Soap_Creek_Fertig_26439,ancestor,1165,dry,2x,69,2,,,,0
161,Soap_Creek_Fertig_26439,ancestor,1167,dry,2x,184,4,0.0113,0.0309,,0.0422
162,Soap_Creek_Fertig_26439,ancestor,1167,dry,2x,110,3,,,,0
163,Soap_Creek_Fertig_26439,ancestor,1203,dry,2x,79,2,,,,0
164,Soap_Creek_Fertig_26439,ancestor,1203,dry,2x,59,2,,,,0
165,Soap_Creek_Fertig_26439,ancestor,1291,dry,2x,102,3,,,,0
166,Soap_Creek_Fertig_26439,ancestor,1291,dry,2x,33,1,,,,0
167,Soap_Creek_Fertig_26439,ancestor,1389,dry,2x,215,5,,,,0
168,Soap_Creek_Fertig_26439,ancestor,1421,dry,2x,81,2,,,,0
169,Soap_Creek_Fertig_26439,descendant,33,dry,2x,222,5,,,,0
170,Soap_Creek_Fertig_26439,descendant,40,dry,2x,168,4,0.0262,0.0561,,0.0823
171,Soap_Creek_Fertig_26439,descendant,42,dry,2x,189,4,,,,0
172,Soap_Creek_Fertig_26439,descendant,509,dry,2x,176,4,,,,0
173,Soap_Creek_Fertig_26439,descendant,510,dry,2x,87,2,0.0448,0.0675,0.0033,0.1156
174,Soap_Creek_Fertig_26439,descendant,511,dry,2x,198,5,0.0241,0.0294,,0.0535
175,Soap_Creek_Fertig_26439,descendant,558,dry,2x,153,4,,,,0
176,Soap_Creek_Fertig_26439,descendant,967,dry,2x,240,5,,,,0
177,Soap_Creek_Fertig_26439,descendant,1131,dry,2x,53,2,,,,0
178,Soap_Creek_Fertig_26439,descendant,1133,dry,2x,155,4,,,,0
179,Soap_Creek_Fertig_26439,descendant,1391,dry,2x,22,1,,,,0
180,Soap_Creek_Fertig_26439,descendant,1474,dry,2x,118,3,,,,0
181,Soap_Creek_Fertig_26439,descendant,1545,dry,2x,237,5,,,,0
182,Soap_Creek_Fertig_26439,descendant,1547,dry,2x,202,5,,,,0
183,Soap_Creek_Fertig_26439,descendant,1620,dry,2x,125,3,,,,0
184,Soap_Creek_Fertig_26439,descendant,1715,dry,2x,136,3,,,,0
185,Soap_Creek_Fertig_26439,descendant,1893,dry,2x,39,1,,,,0
186,Soap_Creek_Fertig_26439,descendant,1951,dry,2x,146,4,,,,0
187,Soap_Creek_Fertig_26439,descendant,1982,dry,2x,150,4,,,,0
188,Soap_Creek_Fertig_26439,descendant,1984,dry,2x,235,5,,,,0
189,Soap_Creek_Fertig_26439,descendant,1986,dry,2x,83,2,,,,0
190,Soap_Creek_Fertig_26439,descendant,2062,dry,2x,114,3,,,,0
191,Soap_Creek_Fertig_26439,descendant,2067,dry,2x,129,3,,,,0
192,Soap_Creek_Fertig_26439,descendant,2068,dry,2x,17,1,,,,0
193,Soap_Creek_Fertig_29450,ancestor,4,dry,2x,4,1,,,,0
194,Soap_Creek_Fertig_29450,ancestor,5,dry,2x,236,5,,,,0
195,Soap_Creek_Fertig_29450,ancestor,7,dry,2x,175,4,,,,0
196,Soap_Creek_Fertig_29450,ancestor,9,dry,2x,162,4,0.0223,0.0457,0.0103,0.0783
197,Soap_Creek_Fertig_29450,ancestor,10,dry,2x,164,4,,,,0
198,Soap_Creek_Fertig_29450,ancestor,712,dry,2x,197,5,,,,0
199,Soap_Creek_Fertig_29450,ancestor,713,dry,2x,115,3,,,,0
200,Soap_Creek_Fertig_29450,ancestor,715,dry,2x,70,2,0.0025,0.0188,,0.0213
201,Soap_Creek_Fertig_29450,ancestor,776,dry,2x,224,5,,,,0
202,Soap_Creek_Fertig_29450,ancestor,823,dry,2x,214,5,0.0493,0.0935,,0.1428
203,Soap_Creek_Fertig_29450,ancestor,826,dry,2x,41,1,,,,0
204,Soap_Creek_Fertig_29450,ancestor,827,dry,2x,73,2,,,,0
205,Soap_Creek_Fertig_29450,ancestor,954,dry,2x,149,4,0.0127,0.0385,,0.0512
206,Soap_Creek_Fertig_29450,ancestor,956,dry,2x,54,2,,,,0
207,Soap_Creek_Fertig_29450,ancestor,1052,dry,2x,144,3,,,,0
208,Soap_Creek_Fertig_29450,ancestor,1055,dry,2x,64,2,,,,0
209,Soap_Creek_Fertig_29450,ancestor,1057,dry,2x,97,3,,,,0
210,Soap_Creek_Fertig_29450,ancestor,1058,dry,2x,52,2,,,,0
211,Soap_Creek_Fertig_29450,ancestor,1059,dry,2x,229,5,,,,0
212,Soap_Creek_Fertig_29450,ancestor,1060,dry,2x,113,3,0.0641,0.1168,,0.1809
213,Soap_Creek_Fertig_29450,ancestor,1169,dry,2x,182,4,0.0487,0.0765,0.0231,0.1483
214,Soap_Creek_Fertig_29450,ancestor,1170,dry,2x,221,5,,,,0
215,Soap_Creek_Fertig_29450,ancestor,1171,dry,2x,26,1,,,,0
216,Soap_Creek_Fertig_29450,ancestor,1320,dry,2x,27,1,0.0162,0.0551,,0.0713
217,Soap_Creek_Fertig_29450,descendant,43,dry,2x,193,5,,,,0
218,Soap_Creek_Fertig_29450,descendant,561,dry,2x,29,1,,,,0
219,Soap_Creek_Fertig_29450,descendant,596,dry,2x,203,5,,,,0
220,Soap_Creek_Fertig_29450,descendant,684,dry,2x,207,5,,,,0
221,Soap_Creek_Fertig_29450,descendant,721,dry,2x,19,1,0.0392,0.0585,,0.0977
222,Soap_Creek_Fertig_29450,descendant,750,dry,2x,130,3,,,,0
223,Soap_Creek_Fertig_29450,descendant,825,dry,2x,159,4,,,,0
224,Soap_Creek_Fertig_29450,descendant,1134,dry,2x,157,4,,,,0
225,Soap_Creek_Fertig_29450,descendant,1136,dry,2x,131,3,,,,0
226,Soap_Creek_Fertig_29450,descendant,1175,dry,2x,231,5,0.0211,0.0644,,0.0855
227,Soap_Creek_Fertig_29450,descendant,1277,dry,2x,117,3,0.0237,0.0528,,0.0765
228,Soap_Creek_Fertig_29450,descendant,1278,dry,2x,225,5,0.0099,0.0223,,0.0322
229,Soap_Creek_Fertig_29450,descendant,1484,dry,2x,122,3,,,,0
230,Soap_Creek_Fertig_29450,descendant,1657,dry,2x,126,3,,,,0
231,Soap_Creek_Fertig_29450,descendant,1716,dry,2x,227,5,0.0108,0.0333,,0.0441
232,Soap_Creek_Fertig_29450,descendant,1853,dry,2x,45,1,,,,0
233,Soap_Creek_Fertig_29450,descendant,1949,dry,2x,6,1,,,,0
234,Soap_Creek_Fertig_29450,descendant,1954,dry,2x,66,2,0.0044,0.0096,,0.014
235,Soap_Creek_Fertig_29450,descendant,2027,dry,2x,43,1,,,,0
236,Soap_Creek_Fertig_29450,descendant,2064,dry,2x,151,4,,,,0
237,Soap_Creek_Fertig_29450,descendant,2065,dry,2x,35,1,,,,0
238,Soap_Creek_Fertig_29450,descendant,2085,dry,2x,191,4,0.046,0.0732,,0.1192
239,Soap_Creek_Fertig_29450,descendant,2091,dry,2x,65,2,,,,0
240,Soap_Creek_Fertig_29450,descendant,2092,dry,2x,89,2,,,,0
241,Dog_Knobs,ancestor,695,wet,1x,382,8,,,,0
242,Dog_Knobs,ancestor,695,wet,1x,291,7,,,,0
243,Dog_Knobs,ancestor,801,wet,1x,448,10,0.0093,0.0392,,0.0485
244,Dog_Knobs,ancestor,801,wet,1x,458,10,,,,0
245,Dog_Knobs,ancestor,915,wet,1x,460,10,0.0046,0.0265,,0.0311
246,Dog_Knobs,ancestor,915,wet,1x,392,9,,,,0
247,Dog_Knobs,ancestor,916,wet,1x,298,7,0.0148,0.0636,,0.0784
248,Dog_Knobs,ancestor,916,wet,1x,333,7,,,,0
249,Dog_Knobs,ancestor,917,wet,1x,315,7,,,,0
250,Dog_Knobs,ancestor,917,wet,1x,336,7,,,,0
251,Dog_Knobs,ancestor,1113,wet,1x,456,10,,,,0
252,Dog_Knobs,ancestor,1113,wet,1x,242,6,,,,0
253,Dog_Knobs,ancestor,1119,wet,1x,326,7,,,,0
254,Dog_Knobs,ancestor,1119,wet,1x,472,10,,,,0
255,Dog_Knobs,ancestor,1221,wet,1x,278,6,,,,0
256,Dog_Knobs,ancestor,1221,wet,1x,343,8,,,,0
257,Dog_Knobs,ancestor,1222,wet,1x,334,7,,,,0
258,Dog_Knobs,ancestor,1222,wet,1x,250,6,0.002,0.0133,,0.0153
259,Dog_Knobs,ancestor,1226,wet,1x,449,10,,,,0
260,Dog_Knobs,ancestor,1226,wet,1x,400,9,,,,0
261,Dog_Knobs,ancestor,1328,wet,1x,280,6,0.0243,0.0771,,0.1014
262,Dog_Knobs,ancestor,1328,wet,1x,407,9,0.0069,0.0272,,0.0341
263,Dog_Knobs,ancestor,1401,wet,1x,466,10,,,,0
264,Dog_Knobs,ancestor,1416,wet,1x,270,6,0.0014,0.0083,,0.0097
265,Dog_Knobs,descendant,76,wet,1x,241,6,,,,0
266,Dog_Knobs,descendant,77,wet,1x,444,10,0.0354,0.0621,,0.0975
267,Dog_Knobs,descendant,235,wet,1x,452,10,,,,0
268,Dog_Knobs,descendant,311,wet,1x,312,7,,,,0
269,Dog_Knobs,descendant,316,wet,1x,252,6,,,,0
270,Dog_Knobs,descendant,459,wet,1x,243,6,,,,0
271,Dog_Knobs,descendant,475,wet,1x,377,8,0.0529,0.0873,,0.1402
272,Dog_Knobs,descendant,516,wet,1x,254,6,,,,0
273,Dog_Knobs,descendant,575,wet,1x,381,8,0.006,0.0366,,0.0426
274,Dog_Knobs,descendant,577,wet,1x,432,9,0.018,0.0549,,0.0729
275,Dog_Knobs,descendant,615,wet,1x,388,9,,,,0
276,Dog_Knobs,descendant,619,wet,1x,346,8,0.0518,0.1462,,0.198
277,Dog_Knobs,descendant,660,wet,1x,359,8,,,,0
278,Dog_Knobs,descendant,729,wet,1x,256,6,0.0081,0.0254,,0.0335
279,Dog_Knobs,descendant,731,wet,1x,320,7,0.0206,0.0642,,0.0848
280,Dog_Knobs,descendant,873,wet,1x,302,7,,,,0
281,Dog_Knobs,descendant,925,wet,1x,338,8,,,,0
282,Dog_Knobs,descendant,989,wet,1x,363,8,,,,0
283,Dog_Knobs,descendant,1029,wet,1x,300,7,,,,0
284,Dog_Knobs,descendant,1037,wet,1x,345,8,0.0787,0.206,,0.2847
285,Dog_Knobs,descendant,1224,wet,1x,272,6,0.0205,0.0689,,0.0894
286,Dog_Knobs,descendant,1280,wet,1x,265,6,0.0043,0.0172,,0.0215
287,Dog_Knobs,descendant,1357,wet,1x,276,6,0.0446,0.142,,0.1866
288,Dog_Knobs,descendant,1801,wet,1x,406,9,,,,0
289,Moenkopi_Wash,ancestor,143,wet,1x,450,10,0.0135,0.0598,,0.0733
290,Moenkopi_Wash,ancestor,144,wet,1x,373,8,,,,0
291,Moenkopi_Wash,ancestor,282,wet,1x,385,9,,,,0
292,Moenkopi_Wash,ancestor,285,wet,1x,367,8,,,,0
293,Moenkopi_Wash,ancestor,288,wet,1x,430,9,,,,0
294,Moenkopi_Wash,ancestor,363,wet,1x,405,9,0.0108,0.0307,,0.0415
295,Moenkopi_Wash,ancestor,409,wet,1x,474,10,0.0034,0.0174,,0.0208
296,Moenkopi_Wash,ancestor,410,wet,1x,445,10,0.0638,0.1453,,0.2091
297,Moenkopi_Wash,ancestor,416,wet,1x,253,6,,,,0
298,Moenkopi_Wash,ancestor,432,wet,1x,307,7,0.0289,0.0769,,0.1058
299,Moenkopi_Wash,ancestor,471,wet,1x,417,9,0.004,0.021,,0.025
300,Moenkopi_Wash,ancestor,746,wet,1x,314,7,,,,0
301,Moenkopi_Wash,ancestor,763,wet,1x,296,7,0.0238,0.0692,,0.093
302,Moenkopi_Wash,ancestor,941,wet,1x,347,8,0.007,0.0144,,0.0214
303,Moenkopi_Wash,ancestor,957,wet,1x,361,8,0.066,0.2065,,0.2725
304,Moenkopi_Wash,ancestor,976,wet,1x,331,7,0.0216,0.0751,,0.0967
305,Moenkopi_Wash,ancestor,982,wet,1x,356,8,0.0439,0.1526,,0.1965
306,Moenkopi_Wash,ancestor,1041,wet,1x,274,6,0.0472,0.1655,,0.2127
307,Moenkopi_Wash,ancestor,1117,wet,1x,412,9,,,,0
308,Moenkopi_Wash,ancestor,1215,wet,1x,403,9,,,,0
309,Moenkopi_Wash,ancestor,1254,wet,1x,349,8,,,,0
310,Moenkopi_Wash,ancestor,1558,wet,1x,295,7,,,,0
311,Moenkopi_Wash,ancestor,1653,wet,1x,263,6,,,,0
312,Moenkopi_Wash,ancestor,2214,wet,1x,335,7,0.1067,0.2519,,0.3586
313,Moenkopi_Wash,descendant,57,wet,1x,394,9,,,,0
314,Moenkopi_Wash,descendant,58,wet,1x,375,8,0.0637,0.1965,,0.2602
315,Moenkopi_Wash,descendant,158,wet,1x,383,8,,,,0
316,Moenkopi_Wash,descendant,215,wet,1x,286,6,,,,0
317,Moenkopi_Wash,descendant,218,wet,1x,380,8,0.0106,0.0308,,0.0414
318,Moenkopi_Wash,descendant,301,wet,1x,330,7,,,,0
319,Moenkopi_Wash,descendant,302,wet,1x,364,8,,,,0
320,Moenkopi_Wash,descendant,304,wet,1x,339,8,0.0059,0.0151,,0.021
321,Moenkopi_Wash,descendant,370,wet,1x,245,6,0.0581,0.105,,0.1631
322,Moenkopi_Wash,descendant,371,wet,1x,419,9,,,,0
323,Moenkopi_Wash,descendant,372,wet,1x,308,7,,,,0
324,Moenkopi_Wash,descendant,379,wet,1x,418,9,0.0404,0.0876,,0.128
325,Moenkopi_Wash,descendant,422,wet,1x,251,6,0.1143,0.1521,,0.2664
326,Moenkopi_Wash,descendant,452,wet,1x,289,7,0.0248,0.0432,,0.068
327,Moenkopi_Wash,descendant,453,wet,1x,423,9,0.0213,0.0473,,0.0686
328,Moenkopi_Wash,descendant,760,wet,1x,421,9,,,,0
329,Moenkopi_Wash,descendant,761,wet,1x,255,6,0.0031,0.0139,,0.017
330,Moenkopi_Wash,descendant,978,wet,1x,247,6,,,,0
331,Moenkopi_Wash,descendant,979,wet,1x,282,6,,,,0
332,Moenkopi_Wash,descendant,1025,wet,1x,413,9,0.107,0.2059,,0.3129
333,Moenkopi_Wash,descendant,1662,wet,1x,411,9,,,,0
334,Moenkopi_Wash,descendant,2014,wet,1x,372,8,0.026,0.0622,,0.0882
335,Moenkopi_Wash,descendant,2021,wet,1x,387,9,,,,0
336,Moenkopi_Wash,descendant,2120,wet,1x,414,9,,,,0
337,Soap_Creek_Atwood_29270,ancestor,2,wet,1x,436,10,,,,0
338,Soap_Creek_Atwood_29270,ancestor,134,wet,1x,297,7,0.0793,0.166,0.0319,0.2772
339,Soap_Creek_Atwood_29270,ancestor,135,wet,1x,468,10,0.029,0.0756,0.0021,0.1067
340,Soap_Creek_Atwood_29270,ancestor,136,wet,1x,446,10,,,,0
341,Soap_Creek_Atwood_29270,ancestor,460,wet,1x,451,10,0.0307,0.0743,,0.105
342,Soap_Creek_Atwood_29270,ancestor,462,wet,1x,258,6,,,,0
343,Soap_Creek_Atwood_29270,ancestor,463,wet,1x,459,10,0.0661,0.2099,,0.276
344,Soap_Creek_Atwood_29270,ancestor,505,wet,1x,409,9,,,,0
345,Soap_Creek_Atwood_29270,ancestor,601,wet,1x,440,10,,,,0
346,Soap_Creek_Atwood_29270,ancestor,773,wet,1x,398,9,,,,0
347,Soap_Creek_Atwood_29270,ancestor,902,wet,1x,374,8,,,,0
348,Soap_Creek_Atwood_29270,ancestor,946,wet,1x,360,8,0.0013,0.0089,,0.0102
349,Soap_Creek_Atwood_29270,ancestor,948,wet,1x,410,9,0.0597,0.1527,,0.2124
350,Soap_Creek_Atwood_29270,ancestor,949,wet,1x,351,8,0.0005,0.0045,,0.005
351,Soap_Creek_Atwood_29270,ancestor,951,wet,1x,378,8,,,,0
352,Soap_Creek_Atwood_29270,ancestor,1103,wet,1x,457,10,0.0826,0.2365,0.0191,0.3382
353,Soap_Creek_Atwood_29270,ancestor,1106,wet,1x,290,7,0.0051,0.0117,,0.0168
354,Soap_Creek_Atwood_29270,ancestor,1159,wet,1x,271,6,0.1001,0.1914,0.0093,0.3008
355,Soap_Creek_Atwood_29270,ancestor,1160,wet,1x,401,9,0.0751,0.1696,,0.2447
356,Soap_Creek_Atwood_29270,ancestor,1161,wet,1x,344,8,0.0816,0.1809,0.0027,0.2652
357,Soap_Creek_Atwood_29270,ancestor,1163,wet,1x,473,10,,,,0
358,Soap_Creek_Atwood_29270,ancestor,1256,wet,1x,435,10,0.0526,0.1738,0.0011,0.2275
359,Soap_Creek_Atwood_29270,ancestor,1436,wet,1x,288,6,,,,0
360,Soap_Creek_Atwood_29270,ancestor,1449,wet,1x,439,10,0.0023,0.0038,,0.0061
361,Soap_Creek_Atwood_29270,descendant,12,wet,1x,268,6,,,,0
362,Soap_Creek_Atwood_29270,descendant,208,wet,1x,316,7,,,,0
363,Soap_Creek_Atwood_29270,descendant,209,wet,1x,332,7,0.04,0.1073,0.0023,0.1496
364,Soap_Creek_Atwood_29270,descendant,490,wet,1x,340,8,,,,0
365,Soap_Creek_Atwood_29270,descendant,522,wet,1x,248,6,,,,0
366,Soap_Creek_Atwood_29270,descendant,547,wet,1x,318,7,0.0959,0.2017,,0.2976
367,Soap_Creek_Atwood_29270,descendant,602,wet,1x,379,8,,,,0
368,Soap_Creek_Atwood_29270,descendant,781,wet,1x,260,6,0.0804,0.1779,0.0596,0.3179
369,Soap_Creek_Atwood_29270,descendant,782,wet,1x,325,7,0.0823,0.2647,0.0112,0.3582
370,Soap_Creek_Atwood_29270,descendant,784,wet,1x,261,6,0.0503,0.1058,0.0286,0.1847
371,Soap_Creek_Atwood_29270,descendant,829,wet,1x,287,6,,,,0
372,Soap_Creek_Atwood_29270,descendant,830,wet,1x,317,7,0.0788,0.1705,,0.2493
373,Soap_Creek_Atwood_29270,descendant,831,wet,1x,396,9,,,,0
374,Soap_Creek_Atwood_29270,descendant,835,wet,1x,479,10,0.06,0.1024,0.161,0.3234
375,Soap_Creek_Atwood_29270,descendant,905,wet,1x,311,7,0.0303,0.1206,,0.1509
376,Soap_Creek_Atwood_29270,descendant,906,wet,1x,284,6,0.0386,0.064,,0.1026
377,Soap_Creek_Atwood_29270,descendant,909,wet,1x,264,6,0.0833,0.1852,,0.2685
378,Soap_Creek_Atwood_29270,descendant,910,wet,1x,303,7,,,,0
379,Soap_Creek_Atwood_29270,descendant,911,wet,1x,341,8,,,,0
380,Soap_Creek_Atwood_29270,descendant,1346,wet,1x,441,10,0.091,0.2477,,0.3387
381,Soap_Creek_Atwood_29270,descendant,1354,wet,1x,453,10,0.0478,0.1661,0.0041,0.218
382,Soap_Creek_Atwood_29270,descendant,1555,wet,1x,420,9,0.067,0.1345,,0.2015
383,Soap_Creek_Atwood_29270,descendant,1615,wet,1x,324,7,0.0833,0.1628,0.0504,0.2965
384,Soap_Creek_Atwood_29270,descendant,1948,wet,1x,277,6,,,,0
385,Soap_Creek_Fertig_26439,ancestor,544,wet,1x,348,8,0.091,0.1924,,0.2834
386,Soap_Creek_Fertig_26439,ancestor,544,wet,1x,352,8,0.0622,0.2136,,0.2758
387,Soap_Creek_Fertig_26439,ancestor,680,wet,1x,249,6,0.0668,0.163,,0.2298
388,Soap_Creek_Fertig_26439,ancestor,680,wet,1x,434,10,0.1119,0.2523,,0.3642
389,Soap_Creek_Fertig_26439,ancestor,709,wet,1x,463,10,,,,0
390,Soap_Creek_Fertig_26439,ancestor,709,wet,1x,425,9,,,,0
391,Soap_Creek_Fertig_26439,ancestor,1015,wet,1x,426,9,0.0368,0.094,,0.1308
392,Soap_Creek_Fertig_26439,ancestor,1015,wet,1x,428,9,0.0996,0.2587,,0.3583
393,Soap_Creek_Fertig_26439,ancestor,1125,wet,1x,322,7,,,,0
394,Soap_Creek_Fertig_26439,ancestor,1125,wet,1x,427,9,0.0425,0.1254,,0.1679
395,Soap_Creek_Fertig_26439,ancestor,1127,wet,1x,470,10,0.0642,0.1338,,0.198
396,Soap_Creek_Fertig_26439,ancestor,1127,wet,1x,368,8,0.1211,0.2466,,0.3677
397,Soap_Creek_Fertig_26439,ancestor,1164,wet,1x,478,10,0.04,0.1627,,0.2027
398,Soap_Creek_Fertig_26439,ancestor,1164,wet,1x,328,7,0.0441,0.0789,,0.123
399,Soap_Creek_Fertig_26439,ancestor,1165,wet,1x,301,7,0.0141,0.0577,,0.0718
400,Soap_Creek_Fertig_26439,ancestor,1165,wet,1x,309,7,,,,0
401,Soap_Creek_Fertig_26439,ancestor,1167,wet,1x,424,9,0.1113,0.272,,0.3833
402,Soap_Creek_Fertig_26439,ancestor,1167,wet,1x,350,8,,,,0
403,Soap_Creek_Fertig_26439,ancestor,1203,wet,1x,319,7,,,,0
404,Soap_Creek_Fertig_26439,ancestor,1203,wet,1x,299,7,,,,0
405,Soap_Creek_Fertig_26439,ancestor,1291,wet,1x,342,8,,,,0
406,Soap_Creek_Fertig_26439,ancestor,1291,wet,1x,273,6,0.1608,0.3043,,0.4651
407,Soap_Creek_Fertig_26439,ancestor,1389,wet,1x,455,10,0.0689,0.2956,,0.3645
408,Soap_Creek_Fertig_26439,ancestor,1421,wet,1x,321,7,0.1345,0.2573,,0.3918
409,Soap_Creek_Fertig_26439,descendant,33,wet,1x,462,10,0.0752,0.1934,,0.2686
410,Soap_Creek_Fertig_26439,descendant,40,wet,1x,408,9,0.0021,0.0186,,0.0207
411,Soap_Creek_Fertig_26439,descendant,42,wet,1x,429,9,0.0773,0.1633,0.0028,0.2434
412,Soap_Creek_Fertig_26439,descendant,509,wet,1x,416,9,,,,0
413,Soap_Creek_Fertig_26439,descendant,510,wet,1x,327,7,0.0973,0.2035,0.072,0.3728
414,Soap_Creek_Fertig_26439,descendant,511,wet,1x,438,10,0.0941,0.1645,0.0557,0.3143
415,Soap_Creek_Fertig_26439,descendant,558,wet,1x,393,9,0.0584,0.2771,0.0094,0.3449
416,Soap_Creek_Fertig_26439,descendant,967,wet,1x,480,10,,,,0
417,Soap_Creek_Fertig_26439,descendant,1131,wet,1x,293,7,,,,0
418,Soap_Creek_Fertig_26439,descendant,1133,wet,1x,395,9,,,,0
419,Soap_Creek_Fertig_26439,descendant,1391,wet,1x,262,6,0.0699,0.1755,,0.2454
420,Soap_Creek_Fertig_26439,descendant,1474,wet,1x,358,8,0.0049,0.0187,,0.0236
421,Soap_Creek_Fertig_26439,descendant,1545,wet,1x,477,10,0.1055,0.1928,,0.2983
422,Soap_Creek_Fertig_26439,descendant,1547,wet,1x,442,10,0.041,0.0819,,0.1229
423,Soap_Creek_Fertig_26439,descendant,1620,wet,1x,365,8,,,,0
424,Soap_Creek_Fertig_26439,descendant,1715,wet,1x,376,8,0.0475,0.1494,,0.1969
425,Soap_Creek_Fertig_26439,descendant,1893,wet,1x,279,6,0.121,0.2905,,0.4115
426,Soap_Creek_Fertig_26439,descendant,1951,wet,1x,386,9,0.0595,0.1348,,0.1943
427,Soap_Creek_Fertig_26439,descendant,1982,wet,1x,390,9,0.1307,0.2616,0.0188,0.4111
428,Soap_Creek_Fertig_26439,descendant,1984,wet,1x,475,10,,,,0
429,Soap_Creek_Fertig_26439,descendant,1986,wet,1x,323,7,,,,0
430,Soap_Creek_Fertig_26439,descendant,2062,wet,1x,354,8,0.0309,0.0747,,0.1056
431,Soap_Creek_Fertig_26439,descendant,2067,wet,1x,369,8,0.0485,0.1241,,0.1726
432,Soap_Creek_Fertig_26439,descendant,2068,wet,1x,257,6,0.0738,0.1744,,0.2482
433,Soap_Creek_Fertig_29450,ancestor,4,wet,1x,244,6,,,,0
434,Soap_Creek_Fertig_29450,ancestor,5,wet,1x,476,10,0.0945,0.1967,,0.2912
435,Soap_Creek_Fertig_29450,ancestor,7,wet,1x,415,9,0.1308,0.3225,,0.4533
436,Soap_Creek_Fertig_29450,ancestor,9,wet,1x,402,9,0.0779,0.1656,,0.2435
437,Soap_Creek_Fertig_29450,ancestor,10,wet,1x,404,9,0.0589,0.1755,,0.2344
438,Soap_Creek_Fertig_29450,ancestor,712,wet,1x,437,10,0.0487,0.2187,,0.2674
439,Soap_Creek_Fertig_29450,ancestor,713,wet,1x,355,8,0.059,0.1298,,0.1888
440,Soap_Creek_Fertig_29450,ancestor,715,wet,1x,310,7,0.0657,0.1409,,0.2066
441,Soap_Creek_Fertig_29450,ancestor,776,wet,1x,464,10,,,,0
442,Soap_Creek_Fertig_29450,ancestor,823,wet,1x,454,10,0.0834,0.2163,,0.2997
443,Soap_Creek_Fertig_29450,ancestor,826,wet,1x,281,6,0.0821,0.1984,,0.2805
444,Soap_Creek_Fertig_29450,ancestor,827,wet,1x,313,7,0.0806,0.1873,,0.2679
445,Soap_Creek_Fertig_29450,ancestor,954,wet,1x,389,9,0.0664,0.1396,,0.206
446,Soap_Creek_Fertig_29450,ancestor,956,wet,1x,294,7,0.0355,0.0736,0.0052,0.1143
447,Soap_Creek_Fertig_29450,ancestor,1052,wet,1x,384,8,0.0624,0.1336,,0.196
448,Soap_Creek_Fertig_29450,ancestor,1055,wet,1x,304,7,0.0516,0.1555,,0.2071
449,Soap_Creek_Fertig_29450,ancestor,1057,wet,1x,337,8,,,,0
450,Soap_Creek_Fertig_29450,ancestor,1058,wet,1x,292,7,,,,0
451,Soap_Creek_Fertig_29450,ancestor,1059,wet,1x,469,10,0.0833,0.2207,,0.304
452,Soap_Creek_Fertig_29450,ancestor,1060,wet,1x,353,8,0.0878,0.2626,,0.3504
453,Soap_Creek_Fertig_29450,ancestor,1169,wet,1x,422,9,0.08,0.1573,0.1051,0.3424
454,Soap_Creek_Fertig_29450,ancestor,1170,wet,1x,461,10,0.0545,0.2121,,0.2666
455,Soap_Creek_Fertig_29450,ancestor,1171,wet,1x,266,6,0.0887,0.2363,,0.325
456,Soap_Creek_Fertig_29450,ancestor,1320,wet,1x,267,6,0.0794,0.191,,0.2704
457,Soap_Creek_Fertig_29450,descendant,43,wet,1x,433,10,0.0681,0.199,,0.2671
458,Soap_Creek_Fertig_29450,descendant,561,wet,1x,269,6,0.0844,0.1103,,0.1947
459,Soap_Creek_Fertig_29450,descendant,596,wet,1x,443,10,0.0198,0.0751,,0.0949
460,Soap_Creek_Fertig_29450,descendant,684,wet,1x,447,10,0.0105,0.0474,,0.0579
461,Soap_Creek_Fertig_29450,descendant,721,wet,1x,259,6,0.0841,0.1894,0.0683,0.3418
462,Soap_Creek_Fertig_29450,descendant,750,wet,1x,370,8,0.0781,0.2002,,0.2783
463,Soap_Creek_Fertig_29450,descendant,825,wet,1x,399,9,0.0062,0.0253,,0.0315
464,Soap_Creek_Fertig_29450,descendant,1134,wet,1x,397,9,0.1069,0.2351,,0.342
465,Soap_Creek_Fertig_29450,descendant,1136,wet,1x,371,8,,,,0
466,Soap_Creek_Fertig_29450,descendant,1175,wet,1x,471,10,0.0523,0.1042,0.0217,0.1782
467,Soap_Creek_Fertig_29450,descendant,1277,wet,1x,357,8,,,,0
468,Soap_Creek_Fertig_29450,descendant,1278,wet,1x,465,10,0.0953,0.239,,0.3343
469,Soap_Creek_Fertig_29450,descendant,1484,wet,1x,362,8,0.0805,0.1987,,0.2792
470,Soap_Creek_Fertig_29450,descendant,1657,wet,1x,366,8,,,,0
471,Soap_Creek_Fertig_29450,descendant,1716,wet,1x,467,10,0.0385,0.1188,,0.1573
472,Soap_Creek_Fertig_29450,descendant,1853,wet,1x,285,6,,,,0
473,Soap_Creek_Fertig_29450,descendant,1949,wet,1x,246,6,0.0016,0.0048,,0.0064
474,Soap_Creek_Fertig_29450,descendant,1954,wet,1x,306,7,0.0004,0.0032,,0.0036
475,Soap_Creek_Fertig_29450,descendant,2027,wet,1x,283,6,0.0098,0.0207,,0.0305
476,Soap_Creek_Fertig_29450,descendant,2064,wet,1x,391,9,0.0271,0.0805,,0.1076
477,Soap_Creek_Fertig_29450,descendant,2065,wet,1x,275,6,,,,0
478,Soap_Creek_Fertig_29450,descendant,2085,wet,1x,431,9,,,,0
479,Soap_Creek_Fertig_29450,descendant,2091,wet,1x,305,7,,,,0
480,Soap_Creek_Fertig_29450,descendant,2092,wet,1x,329,7,0.0001,0.0088,,0.0089